Client,Contact
My Computer Works,(888) 840-0484
1. L. A. Computer Works,(310) 277-9799
2. Desktop Conquest,(213) 321-1869
3. My Computer Works Inc,(877) 221-0118
4. Geeks on Site,(877) 276-1341
5. PC AND WEB PROS,(888) 823-7767
6. K-Tech Computer Services,(213) 739-3400
7. Nyps Computers,(323) 737-4748
8. TeamLogic IT,(310) 385-8548
9. Compumax,(310) 288-0000
10. Naxym,(213) 279-2010
11. Adexa Inc,(310) 642-2100
12. Three Dot Solutions,(323) 256-3864
13. Tekreach Solutions,(888) 890-1935
14. VMDOGGI Computer Shops,(877) 323-6444
15. Tech Help Los Angeles,(213) 986-5722
16. Thomas Bolton Network Services,(323) 497-3441
17. Tech Tutor LA,(310) 592-5630
18. Avance Tech Solutions Inc,(213) 626-1155
19. Garland Connect,(213) 489-1800
20. Daekey Technology,(213) 387-0300
21. Bankinfra Technology,(213) 739-7900
22. Stars,(323) 266-8114
23. Simpleware Inc.,(323) 349-0825
24. Jaws,(310) 841-6800
25. H R C S Inc,(310) 857-6911
26. Cmit Solutions,(424) 270-9155
27. Host International Inc,(310) 342-7091
28. TSR Inc,(213) 253-0507
29. TSR Inc,(213) 680-7809
30. Dove Technology Group,(323) 750-7993
Geeks on Site,(877) 276-1341
My Computer Works Inc,(877) 221-0118
